{
  "2": {
    "32": {
      "lootfactor": 0.25,
      "mean_halite": 75.0,
      "distance": 10.0,
      "earlygame": 200,
      "endgame": 100,
      "spawn_intercept": -944.8039547546,
      "spawn_turnremain": 10.1454333165,
      "spawn_haliteavailable": 0.012874983
    },
    "40": {
      "lootfactor": 0.25,
      "mean_halite": 75.0,
      "distance": 10.0,
      "earlygame": 200,
      "endgame": 100,
      "spawn_intercept": -1367.2844853646,
      "spawn_turnremain": 11.0391321498,
      "spawn_haliteavailable": 0.0094038437
    },
    "48": {
      "lootfactor": 0.25,
      "mean_halite": 75.0,
      "distance": 10.0,
      "earlygame": 200,
      "endgame": 100,
      "spawn_intercept": -1427.326405122,
      "spawn_turnremain": 11.8564242467,
      "spawn_haliteavailable": 0.0053898141
    },
    "56": {
      "lootfactor": 0.25,
      "mean_halite": 75.0,
      "distance": 10.0,
      "earlygame": 200,
      "endgame": 100,
      "spawn_intercept": -1715.6234109409,
      "spawn_turnremain": 11.7669185912,
      "spawn_haliteavailable": 0.0048457243
    },
    "64": {
      "lootfactor": 0.25,
      "mean_halite": 75.0,
      "distance": 10.0,
      "earlygame": 200,
      "endgame": 100,
      "spawn_intercept": -2035.2167175879,
      "spawn_turnremain": 14.0547229255,
      "spawn_haliteavailable": 0.0028045154
    }
  },
  "4": {
    "32": {
      "lootfactor": 0.25,
      "mean_halite": 75.0,
      "distance": 10.0,
      "earlygame": 200,
      "endgame": 100,
      "spawn_intercept": -1239.9328029787,
      "spawn_turnremain": 8.7372892692,
      "spawn_haliteavailable": 0.0122961331
    },
    "40": {
      "lootfactor": 0.25,
      "mean_halite": 75.0,
      "distance": 10.0,
      "earlygame": 200,
      "endgame": 100,
      "spawn_intercept": -1472.5150708956,
      "spawn_turnremain": 10.9750777752,
      "spawn_haliteavailable": 0.006541175
    },
    "48": {
      "lootfactor": 0.25,
      "mean_halite": 75.0,
      "distance": 10.0,
      "earlygame": 200,
      "endgame": 100,
      "spawn_intercept": -1266.3375697868,
      "spawn_turnremain": 9.8499829329,
      "spawn_haliteavailable": 0.0055426507
    },
    "56": {
      "lootfactor": 0.25,
      "mean_halite": 75.0,
      "distance": 10.0,
      "earlygame": 200,
      "endgame": 100,
      "spawn_intercept": -1418.5324810153,
      "spawn_turnremain": 11.3162867476,
      "spawn_haliteavailable": 0.0035897784
    },
    "64": {
      "lootfactor": 0.25,
      "mean_halite": 75.0,
      "distance": 10.0,
      "earlygame": 200,
      "endgame": 100,
      "spawn_intercept": -1460.8240216852,
      "spawn_turnremain": 12.1142623506,
      "spawn_haliteavailable": 0.0024147916
    }
  }
}